{
	"fileName": "348214.json",
	"left2right": true,
	"toprowheaders": true,
	"quotedate": "01/02/2023",
	"source": "TE, effective 1/2/23",
	"username": "Automated",
	"partcols": [
		1,
		2,
		3
	],
	"manufacturer": "TE",
	"colqtyhdr": 0,
	"colqtyval": 0,
	"worksheet": 1,
	"coldata": {
		"1": 1,
		"2": 2,
		"3": 3,
		"4": 4,
		"5": 5,
		"6": 6,
		"7": 7,
		"8": 8,
		"9": 9,
		"10": 10,
		"11": 25,
		"12": 26,
		"13": 27,
		"14": 28,
		"12": 29,
		"15": 30,
		"16": 31
	},
	"colprice": {
		"1": 11,
		"2": 12,
		"3": 13,
		"4": 14,
		"5": 15,
		"6": 16,
		"7": 17,
		"8": 18,
		"9": 19,
		"10": 20,
		"11": 21,
		"12": 22,
		"13": 23,
		"14": 24
	}
}