{
	"fileName": "johnson.json",
	"left2right": true,
	"quotedate": "09/01/2022",
	"source": "Cinch Johnson, effective 9/1/22",
	"username": "Automated",
	"partcol": 1,
	"manufacturer": "Johnson",
	"colqtyhdr": 0,
	"colqtyval": 0,
	"coldata": {
		"1": 1,
		"2": 3,
		"3": 22,
		"4": 4,
		"5": 7,
		"6": 8,
		"7": 9,
		"8": 10,
		"9": 11,
		"10": 12,
		"11": 13,
		"12": 14,
		"13": 15,
		"14": 16,
		"15": 17,
		"16": 18,
		"17": 19,
		"18": 20,
		"19": 5,
		"20": 6,
		"21": 21
	}
}