{
	"fileName": "SV Micro 1-23-2023",
	"left2right": true,
	"quotedate": "09/01/2022",
	"source": "SV Microwave, effective 1/23/23",
	"username": "Automated",
	"partcol": 1,
	"manufacturer": "SV Microwave",
	"colqtyhdr": 0,
	"colqtyval": 0,
	"coldata": {
		"1": 1,
		"2": 2,
		"3": 3,
		"4": 4,
		"5": 5,
		"6": 6,
		"7": 7,
		"8": 8,
		"9": 9,
		"10": 10,
		"11": 11,
		"12": 12,
		"13": 13,
		"14": 14,
		"15": 15,
		"16": 16,
		"17": 17,
		"18": 18,
		"19": 19,
		"20": 20,
		"21": 21,
		"22": 22,
		"23": 23
	}
}